<?xml version="1.0" encoding="UTF-8"?>
<addons>


<addon id="repository.pltwcollection" name="PTW Collection" provider-name="KODI CHERRY" version="0.0.1">
  <extension point="xbmc.addon.repository">
    <info>https://polishteam.ru/REPA/Collection/addons.xml</info>
    <checksum>https://polishteam.ru/REPA/Collection/addons.xml.md5</checksum>
    <datadir zip="true">https://polishteam.ru/REPA/Collection/zip/</datadir>
  </extension>
  <extension point="xbmc.addon.metadata">
    <summary lang="en">PTW Collection</summary>
    <description lang="en">Dodatki zebrane przez team PLTW</description>
	<disclaimer lang="en">Kodi jest programem darmowym. Wtyczki, które są zawarte w projekcie PLTW  są również darmowe i powszechnie dostępne w internecie dla każdego.
	CHERRY TV nie dostarcza bezpośrednio telewizji, filmów, seriali, muzyki ani żadnych treści audio/wideo. CHERRY TV nie udostepnia telewizji online,korzysta jedynie z kont premium udostepnionych w sieci.Jest jedynie zbiorem wtyczek. Projekt ten ma jedynie ułatwić użytkownikowi ustawianie programu Kodiczy instalacje wtyczek . Jeżeli dana wtyczka nie działa zgodnie z założeniem należny kontaktować się z jej autorem. Jeżeli stan taki się utrzymuje dłużnej może zostać taka wtyczka usunięta oraz będzie szukana alternatywa.
	</disclaimer>
    <website>https://polishteam.ru/</website>
    <platform>all</platform>
  </extension>
</addon>
<addon id="repository.polishteam" name="PolishTeam_Repo" version="0.1.3" provider-name="Polish Team">
	<extension point="xbmc.addon.repository" name="PolishTeam-Repo">
	<dir>
		<info compressed="false">http://polishteam.ru/REPO/addons.xml</info>
		<checksum>http://polishteam.ru/REPO/addons.xml.md5</checksum>
		<datadir zip="true">http://polishteam.ru/REPO/</datadir>
		<datadir zip="true"></datadir>
	</dir>	
	<dir>
		<info compressed="false">https://raw.githubusercontent.com/fanfilm/repository.fanfilm/master/zips/addons.xml</info>
		<checksum>https://raw.githubusercontent.com/fanfilm/repository.fanfilm/master/zips/addons.xml.md5</checksum>
		<datadir zip="true">https://raw.github.com/fanfilm/repository.fanfilm/master/zips</datadir>
	</dir>
	<dir>
		<info compressed="false">https://raw.githubusercontent.com/CherryKodi/CHERRY/master/addons.xml</info>
		<checksum>https://raw.githubusercontent.com/CherryKodi/CHERRY/master/addons.xml.md5</checksum>
		<datadir zip="true">https://github.com/CherryKodi/CHERRY/tree/master/zips</datadir>
	</dir>
		
	</extension>
	<extension point="xbmc.addon.metadata">
		<summary>Repozytorium wizardow Polish Team</summary>
		<description></description> 
		<platform>all</platform>
		<license>GNUv3</license>
		<website>http://polishteam.ru/</website>
	</extension>
</addon>
<addon id="plugin.program.autocompletion" name="AutoCompletion for virtual keyboard" version="1.0.1.1" provider-name="Philipp Temminghoff (phil65)">
    <requires>
        <import addon="xbmc.python" version="2.25.0"/>
        <import addon="script.module.autocompletion" version="1.0.0"/>
    </requires>
    <extension point="xbmc.python.pluginsource" library="plugin.py"/>
    <extension point="xbmc.python.script" library="default.py">
        <provides>executable</provides>
    </extension>
    <extension point="xbmc.addon.metadata">
        <summary lang="en">AutoCompletion for the virtual keyboard (needs skin support)</summary>
        <description lang="en">AutoCompletion for the virtual keyboard (needs skin support)</description>
        <platform>all</platform>
        <license>GNU GENERAL PUBLIC LICENSE Version 2.1, February 1999</license>
        <source>https://github.com/phil65/plugin.program.autocompletion</source>
        <assets>
            <icon>resources/icon.png</icon>
            <!--            <fanart>resources/fanart.jpg</fanart>-->
            <!--            <screenshot>resources/screenshot-01.jpg</screenshot>-->
            <!--            <screenshot>resources/screenshot-02.jpg</screenshot>-->
            <!--            <screenshot>resources/screenshot-03.jpg</screenshot>-->
        </assets>
    </extension>
</addon>
</addons>